Opportunity Name,Organization,Type,Fields,Typical Amount,Deadline,Cycle,Rolling?,Description,CV Sources,Website
NSF – CIVIC Innovation Challenge,National Science Foundation,federal,"Architecture, Housing, Community, Equity","$75,000–$1,000,000",Check NSF.gov; typically spring,Annual,No,Supports civic-focused research partnerships with communities. Track A (planning) and Track B (implementation). Multi-institution.,"Abrons/Fure/Haar CV (2024, $75K); Wizinsky CV (pending $1M w/ Fure & Haar)",https://architecture.udmercy.edu/alumni
NSF – Regional Engines Type 1 Development Grant,National Science Foundation,federal,"Architecture, Urban, Technology, Sustainability","$115,000–$1,000,000",Check NSF.gov,Annual,No,Supports regional innovation ecosystems. U-M component typically $115K of larger multi-institution grant. 2-year duration.,"Thün CV (2024, Nexthouse, $115K U-M); Ng CV (submitted $2M NSF Engines w/ McGee)",https://nsf.gov
NSF – Doctoral Dissertation Research Improvement (STS),National Science Foundation,federal,"History, Technology, Architecture, Science Studies","$3,000–$15,000",Check NSF STS program,Annual,No,"Dissertation support for research in science, technology and society.","Knoblauch CV (2010, $3,000)",https://nsf.gov
NSF – Partnerships for Innovation (PFI) Technology Translation,National Science Foundation,federal,"Architecture, Materials, Technology, Circular Economy","$250,000",Check NSF PFI program,Annual,No,Supports translation of university research to commercial application. Multi-year.,"Miller/Moran CV (2023–2025, $250K, Post Rock)",https://nsf.gov/pfi
NSF – Hazards SEES / Convergence Research,National Science Foundation,federal,"Architecture, Resilience, Coastal Planning, Urban","$107,000–$2,400,000",Check NSF programs,Annual,No,Large-scale NSF convergence research grants for hazards and sustainability. U-M component varies.,"Gräbner/Larsen CV (Hazards SEES, $107K share of $2.4M)",https://www.nsf.gov
NSF – International Research Experiences for Students (IRES),National Science Foundation,federal,"Architecture, International, Education, Urban","$249,989",Check NSF IRES program,Annual,No,Funds international collaborative research experiences for graduate students.,"Gräbner CV ($249,989)",https://nsf.gov/ires
NSF – Global Center for Climate Change and Transboundary Waters,National Science Foundation,federal,"Architecture, Urban Planning, Climate, Great Lakes","$477,360 (Taubman portion)",Check NSF,Periodic (multi-year),No,NSF-funded global center grant for climate and water research. Taubman College component.,"Scott Campbell CV (2024–2029, $477K Taubman portion)",https://nsf.gov
NEH – Digital Projects for the Public,National Endowment for the Humanities,federal,"Humanities, Architecture, Digital Media, Indigenous","$30,000–$400,000",Check NEH.gov,Annual,No,Supports public-facing digital humanities projects. NOTE: Some recent awards terminated by presidential order April 2025 — verify current status.,"Adams/Gilpin CV (2024, $30K, Indigenous Narratives — terminated); Wizinsky CV",https://neh.gov
US EPA – Environmental Quality in High Performance Schools,US Environmental Protection Agency,federal,"Architecture, Sustainability, Health, Education","$145,000",Check EPA grants portal,Periodic,No,"Research on environmental quality, health and learning in high performance school buildings. Total project $1M.","Thün CV (2015, $145K component)",https://epa.gov/research-grants
US DOT – Eisenhower Transportation Graduate Fellowship,US Department of Transportation,federal,"Urban Planning, Transportation, Architecture","$5,000–$11,500",Annual; check DOT website,Annual,No,DOT fellowship for graduate research in transportation-related fields.,"Grengs CV (2005, 2006, 2011)",https://transportation.gov
US DOT – Federal Highway Administration Research Grant,Federal Highway Administration / US DOT,federal,"Urban Planning, Transportation, Accessibility","$119,000–$163,000",Check FHWA grants,Periodic,No,FHWA-funded research on transportation accessibility and equity.,"Grengs CV (2007–2010, $119K–$163K)",https://fhwa.dot.gov
Federal Transit Administration – Research Grant,US Department of Transportation / FTA,federal,"Urban Planning, Transportation, Equity","$97,000",Check FTA research programs,Periodic,No,FTA-funded research on metropolitan accessibility and transit equity.,"Grengs CV (2008–2009, $97K)",https://transit.dot.gov
US DOT – Nextrans Region 5 UTC,US Department of Transportation / Nextrans UTC,federal,"Architecture, Urban, Mobility, Accessibility","$78,000–$150,000",Check Nextrans/USDOT,Annual,No,"University Transportation Center grants for new mobility, accessible transportation, and urban design.","Thün CV (2013–2014, $78K–$150K); Grengs CV ($94K–$150K)",https://purdue.edu/nextrans
USDA / HUD – Community Development Grants,US Dept of Housing and Urban Development,federal,"Urban Planning, Community, Housing, Detroit","$90,000–$200,000",Check HUD grants portal,Annual,No,Community development work-study and partnership grants for university-community engagement.,"Dewar CV (HUD Community Development Work Study, $90K/biennial)",https://hud.gov/grants
FDA – Home as a Healthcare Hub,US Food and Drug Administration,federal,"Architecture, Health, Housing, Technology",Research grant (amount TBD),By invitation / check FDA,Periodic,No,FDA-funded research on residential design as healthcare delivery platform.,"Nanda CV (2024, PI)",https://fda.gov
Belmont Forum SUGI FWE Nexus Program (via NSF),Belmont Forum / NSF,federal,"Architecture, Urban, Sustainability, Food-Water-Energy","$250,000 (U-M component)",Check NSF/Belmont Forum,Periodic,No,"International program supporting food-water-energy nexus research. Multi-institution, 4-year awards.","Thün CV (2018, M_NEX, $250K U-M of $1.7M total)",https://belmontforum.org
Michigan Coastal Management Program (MCMP) Grants,Michigan Coastal Management Program / NOAA,federal,"Urban Planning, Coastal Resilience, Great Lakes","$50,000–$100,000",Annual; check MCMP/NOAA,Annual,No,NOAA-funded coastal planning and resilience research through Michigan state program. Multiple tracks.,"Scott Campbell CV (2018–2025, multiple grants $50K–$100K)",https://michigan.gov/egle/coastal
US Army Corps of Engineers – Research Grant,US Army Corps of Engineers,federal,"Urban Planning, Water, Coastal Resilience","$100,000",Check USACE/ERDC,Periodic,No,USACE-funded research on Great Lakes water systems and resilience.,"Scott Campbell CV (2024–2025, $100K)",https://usace.army.mil
Robert Wood Johnson Foundation – Health Equity Grant,Robert Wood Johnson Foundation,federal,"Architecture, Urban Planning, Health Equity, Housing","$250,000",Check RWJF; Letter of Intent first,Annual (competitive),No,Highly competitive health equity grants. Architecture + land use applications accepted. LOI shortlisted from 600+ proposals.,"Cuéllar CV (2025, LOI advanced to full submission, $250K requested)",https://rwjf.org
Agency for Healthcare Research and Quality (AHRQ) – Patient Safety,AHRQ / US DHHS,federal,"Architecture, Health, Patient Safety","$116,000+",Check AHRQ grants,Annual,No,Multi-disciplinary research grants on reducing diagnostic errors through built environment and design.,"Adams CV (2016, M-Safety Lab, $116K year 2)",https://ahrq.gov
NSF I-Corps – Innovation Corps Regional Program,National Science Foundation,federal,"Architecture, Technology, Entrepreneurship, AEC",No direct funding (training + pathway),Check NSF I-Corps,Rolling,Yes,NSF program helping researchers explore commercial potential of research. Completed program opens doors to follow-on NSF funding.,"Gilpin/Adams CV (2024, completed)",https://nsf.gov/i-corps
Rackham Faculty & Student Ally Grant,"Rackham Graduate School, University of Michigan",internal,"Research, Education, Equity, Architecture","$5,000–$25,000",Rolling; check Rackham website,Annual,Yes,UM funding for faculty-student collaborative research and equity initiatives. Multiple award tiers.,"Hwang CV (multiple: $5K–$25K, 2020–2024); Knoblauch CV; Adams CV",https://rackham.umich.edu
Rackham Spring/Summer Research Grant,"Rackham Graduate School, University of Michigan",internal,"Research, Architecture, Humanities, Social Sciences","$3,000–$8,000",Annual spring deadline,Annual,No,"UM summer research support for faculty. Supports writing, data collection, and field work.","Campbell CV (2008, 2011); Knoblauch CV; Kinder CV",https://rackham.umich.edu
Rackham Supplemental Block Grant,"Rackham Graduate School, University of Michigan",internal,"Teaching, PhD Education, Curriculum Development","$4,000",Annual; check Rackham,Annual,No,Supports Ph.D. student curricular development and engagement activities.,"Knoblauch CV (2020, $4K)",https://rackham.umich.edu
Rackham Faculty Research Grant,"Rackham Graduate School, University of Michigan",internal,"Research, Architecture, Urban Planning","$15,000",Annual; check Rackham,Annual,No,UM Rackham grant for faculty research projects.,"Campbell CV (1999–2000, $15K); Kinder CV",https://rackham.umich.edu
UM Arts Initiative – Creative Fellows / Projects in Partnership,University of Michigan Arts Initiative,internal,"Arts, Architecture, Interdisciplinary, Community","$19,111–$60,000",Annual cycle; check Arts Initiative website,Annual,No,"UM grant for interdisciplinary arts-integrated teaching and research. Multiple award sizes (example: $19,111 for Art and Anatomy).","Hwang CV (2022, Art and Anatomy $19,111); Sirota CV (2024, Empitheatre $60K)",https://artsinitiative.umich.edu
ArtsEngine – Faculty Research Opportunity Grant (FROG),University of Michigan ArtsEngine,internal,"Arts, Architecture, Research, Indigenous","$20,000",Annual; check ArtsEngine,Annual,No,UM ArtsEngine grant supporting faculty arts and design research.,"Adams/Gilpin CV (2024, $20K Spatial Justice); Wizinsky CV",https://artsengine.umich.edu
OVPR Arts Research: Incubation & Acceleration (ARIA),"Office of VP for Research, University of Michigan",internal,"Arts, Architecture, Design, Disability","$39,656",Annual; check OVPR,Annual,No,UM OVPR grant for arts research incubation. Disability Arts & Technology and other themes eligible.,"Adams/Yergeau CV (2024, $39,656); Sanchez CV (2024, ARIA grant)",https://research.umich.edu
OVPR Bold Challenges – Team Formation Grant,"Office of VP for Research, University of Michigan",internal,"Research, Architecture, Energy, Equity","$20,000",Annual; check OVPR,Annual,No,UM seed grant for interdisciplinary team formation around bold research challenges.,"Thün CV (2022, $20K); Hwang CV (2023, Bold Challenges Accelerate)",https://research.umich.edu
OVPR RCI – Research Catalyst and Innovation Award,"Office of VP for Research, University of Michigan",internal,"Research, Architecture, Sustainability, Technology","$15,000–$100,000",Annual; check OVPR,Annual,No,"UM research catalyst grants. Small Scale ($15K), Large Scale ($100K), and Center Planning ($100K) tracks.","Adams/Gilpin CV (2022–2024, multiple $15K–$60K); Thün CV (2021, $100K); Ng CV (2022, $32K); Cuéllar CV ($15K)",https://research.umich.edu
OVPR Humanities Collaboratory – Proposal Development Fund,"Office of VP for Research / Humanities Collaboratory, U-M",internal,"Humanities, Architecture, Digital, Indigenous","$58,000–$60,000",Annual; check Humanities Collaboratory,Annual,No,UM Humanities Collaboratory grants for interdisciplinary humanities research with tech and design.,"Adams/Gilpin CV (2024, $60K LiDAR/Teotihuacán); Abrons CV (2024, $58K Reparative AI)",https://humanitiescollaboratory.umich.edu
OVPR Large-Scale Center and Initiative Planning Grant,"Office of VP for Research, University of Michigan",internal,"Research, Architecture, Sustainability, Food-Energy-Water","$100,000",Periodic; check OVPR,Periodic,No,UM planning grant for large research center formation.,"Thün CV (2021, FEW Systems, $100K)",https://research.umich.edu
OVPR Faculty Grants and Awards Program / Small Projects Grant,"Office of VP for Research, University of Michigan",internal,"Architecture, Research, Arts","$5,000–$14,900",Annual; check OVPR,Annual,No,OVPR small grants for exploratory and early-stage research including artistic productions.,"Knoblauch CV ($2,794); Thün CV (multiple $14,900); Trandafirescu CV ($6,500); Kinder CV ($6,800)",https://research.umich.edu
Taubman College Seed Fund / Research Through Making Grant,"Taubman College, University of Michigan",internal,"Architecture, Research, Design, Making","$1,500–$24,476",Annual rounds; check Taubman website,Annual,No,Taubman internal seed grants for speculative research and making-based projects. Multiple tracks.,"Many CVs: Knoblauch ($3K–$3.5K), Thün ($19K–$24K), Trandafirescu ($3K–$20K), Wilcox ($5K), Fure ($15K), Ng ($1.5K–$10K), von Bülow ($20K)",https://taubmancollege.umich.edu
Taubman College Pressing Matters / Keep It Together / Stay Together Grants,"Taubman College, University of Michigan",internal,"Architecture, Housing, Equity, Community","$5,000–$25,000",Check Taubman website,Annual,No,"Suite of Taubman grants for collaborative housing, equity, and community design research.","Abrons/Haar CV ($5K–$25K, Collective for Equitable Housing); Sirota CV ($5K); Adams CV ($5K); Cuéllar CV ($20K)",https://taubmancollege.umich.edu
Taubman College Design Research Fellowship Grant,"Taubman College, University of Michigan",internal,"Architecture, Design Research, History",Varies ($5K–$22K),Annual; check Taubman,Annual,No,Taubman fellowship grant for faculty design research including preservation and memorialization.,"Multiple CVs (2024–2026, e.g. Wilcox $60K MMRI Incubator)",https://taubmancollege.umich.edu
Taubman College Equity Innovation / Get It Together Grant,"Taubman College, University of Michigan",internal,"Architecture, Equity, Education, Community","$1,500–$15,000",Annual; check Taubman,Annual,No,Taubman grants for equity and innovation initiatives in architecture education.,"Fure CV ($15K); Adams CV ($5K–$5K); Cuéllar CV ($1,500); Hwang CV ($5K)",https://taubmancollege.umich.edu
Taubman College Prototyping Tomorrow Grant,"Taubman College, University of Michigan",internal,"Architecture, Technology, Fabrication, Materials","$19,000–$20,000",Annual; check Taubman,Annual,No,Taubman grant for fabrication and prototyping-based research. Recurring annual opportunity.,"Thün CV (2018–2019, multiple ~$20K); Adams CV (2019, $20K Nootropic Chambers)",https://taubmancollege.umich.edu
Taubman 'Research Through Planning' Grant,"Taubman College, University of Michigan",internal,"Urban Planning, Research, Community","$4,000–$5,000",Annual; check Taubman,Annual,No,Taubman planning research grants for community-facing urban planning projects.,"Campbell CV (2016–2017); Kinder CV ($3,483–$4,000)",https://taubmancollege.umich.edu
SUCCEED Grant – Career Support for Faculty,University of Michigan,internal,"Research, Writing, Architecture, Humanities, Social Sciences","$1,350–$4,683",Annual; check UM HR/Provost,Annual,No,"Supports career-relevant needs of tenure-track and tenured faculty in arts, humanities and social sciences.","Knoblauch CV (multiple: $1,350; $4,683)",https://umich.edu
ADVANCE Faculty Summer Writing Grants,University of Michigan,internal,"Research, Writing, Architecture","$3,000",Annual spring deadline,Annual,No,"UM ADVANCE program grants supporting faculty writing productivity, particularly for underrepresented groups.","Knoblauch CV (2017, $3K)",https://advance.umich.edu
UM Michigan Society of Fellows – Senior Fellowship,University of Michigan / Michigan Society of Fellows,fellowship,"Architecture, Humanities, Interdisciplinary",Stipend + support,Annual; check MSoF,Annual,No,Prestigious UM senior fellowship for interdisciplinary faculty research.,Campbell CV (2018–2023 Senior Fellow),https://societyoffellows.umich.edu
UM Presidential Awards for Understanding Democracy,University of Michigan,internal,"Architecture, Design, Democracy, Community","$47,500–$47,800",Annual; check UM President/Provost office,Annual,No,Prestigious UM award for interdisciplinary projects advancing democratic understanding and practice.,"Sirota CV (2025, Democracy and Design, $47,500); Haar CV (2025, $47,800)",https://umich.edu/president
UM Transforming Learning for a Third Century / Quick Starts,University of Michigan,internal,"Teaching, Architecture, Innovation, Pedagogy","$50,000",Check UM Provost/CRLT,Periodic,No,UM teaching innovation grants for transformative pedagogical projects.,"Trandafirescu CV (2015, On Site Mobile Classroom, $50K)",https://crlt.umich.edu
UM International Institute – Experiential Learning Fund,University of Michigan International Institute,internal,"Architecture, International, Education","$6,500–$10,000",Annual; check International Institute,Annual,No,Travel and course development grants for international research and studio courses.,"Sirota CV (2010–2011, $6.5K–$10K); Halquist CV (2016, $10K)",https://ii.umich.edu
UM Arts Initiative – Public Art and Engagement Faculty Fellowship,University of Michigan Arts Initiative,fellowship,"Architecture, Arts, Public Engagement",Fellowship + stipend,Annual; check Arts Initiative,Annual,No,UM fellowship for faculty creating publicly engaged art and research projects.,"Trandafirescu CV (2022–2023, Faculty Fellow)",https://artsinitiative.umich.edu
"Steelcase Fellow – Institute for the Humanities, U-M","LSA Institute for the Humanities, University of Michigan",fellowship,"Architecture, Humanities, Research","Fellowship + $6,000",Annual; typically fall deadline,Annual,No,UM summer fellowship supporting humanities research including endowed Steelcase track.,"Trandafirescu CV (2022–2023, Steelcase Fellow); multiple CVs (Institute for Humanities)",https://lsa.umich.edu/humanities
UM Lieberthal-Rogel Center – China Studies Faculty Research Grant,"Lieberthal-Rogel Center for Chinese Studies, U-M",internal,"Architecture, China, International, Design","$10,000–$17,190",Annual; check LRCCS,Annual,No,UM center grants for faculty research related to China.,"Adams CV (2016, 2017, $10K–$17K)",https://lsa.umich.edu/lrccs
UM Sweetland Center – Senior Writing Fellow,"Sweetland Center for Writing, University of Michigan",fellowship,"Architecture, Writing, Humanities",Fellowship + support,Annual; check Sweetland,Annual,No,UM fellowship supporting faculty scholarly writing and publishing.,Wilson CV (2021 Senior Fellow),https://lsa.umich.edu/sweetland
UM Bentley Historical Library – Bentley Fellow,"Bentley Historical Library, University of Michigan",fellowship,"Architecture, History, Archives",Fellowship + access,Annual; check Bentley,Annual,No,UM archival fellowship supporting historical research using Bentley collections.,Wilson CV (2020 Bentley Fellow),https://bentley.umich.edu
UM Michigan Humanities Award,University of Michigan,award,"Architecture, Humanities, Scholarship",Award + recognition,Annual nominations,Annual,No,UM award recognizing outstanding contributions to humanities scholarship.,Wilson CV (2014),https://umich.edu
UM Anti-Racism Initiative – Tier 2 Grant,"Office of VP for Research, University of Michigan",internal,"Architecture, Equity, Research, Community","$100,000",Check OVPR anti-racism initiative,Periodic,No,UM research grant supporting anti-racism and equity-centered projects.,"Kutil CV ($100K, Tier 2)",https://research.umich.edu
UM Graham Environmental Sustainability Institute,"Graham Institute for Sustainability, University of Michigan",internal,"Architecture, Sustainability, Environmental","$5,000–$36,500",Annual; check Graham Institute,Annual,No,UM sustainability research grants including Dow Distinguished Award Seed Grants.,"Thün CV (2010, $36.5K); Grengs CV (2024, $10K Who's Missing); Gräbner CV ($5K Dow Seed)",https://graham.umich.edu
Provost Teaching Innovation Prize,"Office of the Provost, University of Michigan",award,"Architecture, Teaching, Innovation, Pedagogy",Prize + recognition,Annual nominations,Annual,No,UM provost-level prize for exceptional teaching innovation.,"Hwang CV (2024, awarded)",https://provost.umich.edu
CRLT Faculty Development Fund / Whitaker Fund / LEO Fund,"CRLT / Whitaker Fund / LEO, University of Michigan",internal,"Teaching, Research, Architecture, Professional Development","$412–$10,000",Annual; check CRLT website,Annual,No,Suite of UM internal teaching and professional development grants. Multiple tracks for different faculty categories.,Multiple CVs,https://crlt.umich.edu
PEFF – Public Engagement Faculty Fellowship,"Center for Academic Innovation / OVPR, U-M",fellowship,"Research, Public Engagement, Architecture",Fellowship stipend + support,Annual cycle; check OVPR website,Annual,No,UM fellowship for faculty engaged in publicly impactful scholarship and community-facing research.,Multiple CVs (noted affiliation),https://publicengagement.umich.edu
Ginsberg Community-Driven Grant,"Edward Ginsberg Center, University of Michigan",internal,"Community Engagement, Design, Planning","$2,500",Annual RFP; check Ginsberg Center,Annual,No,UM grant supporting community-engaged projects and public design initiatives.,Sirota CV (U-M Public Design Corps),https://ginsberg.umich.edu
MSI Collaboration & Implementation Grant,University of Michigan,internal,"Architecture, Education, Equity, Consortium","$30,000",Annual; check OVPR,Annual,No,UM grant for multi-institutional collaboration and equity-focused education programs.,Multiple CVs,https://research.umich.edu
Graham Foundation – Grant for Individuals,Graham Foundation for the Advanced Studies in the Fine Arts,grant,"Architecture, Arts, Design Research, Publishing","$10,000–$15,000",Annual; spring deadline; check grahamfoundation.org,Annual,No,"Prestigious grants for individuals at intersection of architecture and the arts. For projects, exhibitions, books. Highly competitive.","Miller CV (2015, Bioplastics!); Sirota CV (2024, Junior Architects $10K); Wilkins CV (2025 If History Were Stories); Haar CV (2019, Re: Housing $TBD); Lui CV (2018 exhibitions); Ann Lui (2018, x2)",https://grahamfoundation.org
Graham Foundation – Carter Manny Writing Award,Graham Foundation for the Advanced Studies in the Fine Arts,grant,"Architecture, Writing, Dissertation, Scholarship",Varies,Annual; check Graham Foundation,Annual,No,Award supporting dissertation writing and architecture scholarship. Faculty nominate students.,"Knoblauch CV (students Taskin 2022, Brisson 2020)",https://grahamfoundation.org
Richard H. Driehaus Foundation – Architecture Grant,Richard H. Driehaus Foundation,grant,"Architecture, Urban Design, Traditional/Classical","$10,000–$50,000",Check Driehaus Foundation website,Annual,No,"Chicago-based foundation supporting architecture, historic preservation, and urban design.",Haar CV (noted funder in biography),https://driehausfoundation.org
Fannie Mae Foundation – Community Development,Fannie Mae Foundation,grant,"Architecture, Housing, Community Development, Detroit","$15,000–$200,000",Check Fannie Mae Foundation,Annual,No,Supports university-community partnerships for affordable housing and community development.,"Haar CV (noted); Dewar CV (1998–2001, $200K for Detroit nonprofit capacity building)",https://fanniemaefoundation.org
Knight Foundation – Community / Cultural Infrastructure,John S. and James L. Knight Foundation,grant,"Architecture, Community, Cultural Infrastructure, Urban, Detroit","$15,000–$750,000",Open RFPs; check Knight Foundation; Detroit focus,Rolling,Yes,Supports community-oriented design and cultural infrastructure in Knight cities including Detroit.,"Sirota CV (2023, Kinetic Pavilion $750K); Kutil CV (Knight Arts Challenge $15K)",https://knightfoundation.org
Bedrock Foundation – Urban / Cultural Planning,Bedrock Foundation,grant,"Architecture, Urban Planning, Cultural District, Detroit","$150,000",By invitation / contact Bedrock,Rolling,Yes,Detroit-focused foundation supporting cultural planning and urban design.,"Sirota CV (2023, CCPI $150K)",https://bedrockdetroit.com
Bloomberg Philanthropies – Public Art Challenge,Bloomberg Philanthropies,grant,"Architecture, Public Art, Urban, Community, Food Access","$60,000–$1,000,000",Periodic; check Bloomberg Philanthropies,Periodic,No,Competitive grants for cities supporting innovative public art. Architecture teams can partner with city applicants.,"Thün CV (2019, Fertile Ground $60K subgrant of $1M to Jackson MS)",https://bloomberg.org/philanthropies
Ford Motor Company – Alliance Program / Research Partnership,Ford Motor Company,grant,"Architecture, Urban, Mobility, Sustainability, Brain Research","$191,000–$255,000",By invitation / contact Ford Alliance,Rolling,Yes,"Ford-funded research grants for architecture, urban design, mobility and smart city focus.","Thün CV (2016–2019, multiple $192K–$255K); Nanda CV (2025, Brain to Building, ongoing)",https://ford.com
National Fish & Wildlife Foundation – Coastal Resilience Fund,National Fish and Wildlife Foundation,grant,"Architecture, Landscape, Resilience, Ecology, SE Michigan","$499,300",Annual RFP; check NFWF.org,Annual,No,Supports nature-based solutions and stormwater/coastal resilience. Large project grants.,"Thün/Velikov CV (2024, SE Michigan Stormwater, $499K project)",https://nfwf.org
Lincoln Institute of Land Policy,Lincoln Institute of Land Policy,grant,"Urban Planning, Land Policy, Architecture, Housing","$10,000–$250,000",Annual; check Lincoln Institute,Annual,No,"Grants for research on land use, housing, and urban policy. Multiple programs.","Cuéllar CV (2022, Food Systems Grant $10K); Dewar CV (multiple historic); Campbell CV",https://lincolninst.edu
SOM Foundation – Research Prize,"Skidmore, Owings & Merrill Foundation",prize,"Architecture, Design, Housing Justice, Urban","$40,000",Annual; check SOM Foundation,Annual,No,Competitive annual prize for architecture research. Strong track record at Taubman.,"Cuéllar/Yi CV (2024, Block by Block $40K)",https://somfoundation.org
Architectural League of New York – Young Architects Prize / Emerging Voices,The Architectural League of New York,prize,"Architecture, Design, Emerging Practice","Exhibition + prize ($2,000–$5,000)",Annual; check Architectural League; typically fall,Annual,No,Prestigious national prizes for emerging architects. Young Architects (pre-10 yrs) and Emerging Voices (invited).,"Sirota CV (2018); Cuéllar CV (2018, $2K); Moran CV (2015 YAP); Borum/Maigret CV (2021 Emerging Voices); Ng CV (2022 Emerging Voices); Velikov/Thün CV (2008 YAF)",https://archleague.org
Exhibit Columbus – J. Irwin and Xenia Miller Prize / Research Fellowship,Exhibit Columbus,fellowship,"Architecture, Urban Design, Research, Columbus IN","$10,000",Periodic/Biennial; check Exhibit Columbus,Biennial,No,"Fellowship supporting design research in Columbus, IN with annual exhibitions and installations.","Wizinsky/Lally CV (2018–2019, The Long Now $10K); Lui CV (2021, Miller Prize winner)",https://exhibitcolumbus.org
Urban Studies Foundation – Seminar Series Competition,Urban Studies Foundation,grant,"Architecture, Urban Studies, Research, Deindustrialization","$26,050",Annual; check Urban Studies Foundation,Annual,No,Competitive grants for organized seminar series on emerging urban research topics.,"Thün CV (2018, Emerging Urbanisms $26K)",https://urbanstudiesfoundation.org
A.W. Mellon Foundation – Humanities / Urban Research,A.W. Mellon Foundation,grant,"Architecture, Urban, Humanities, Mapping","$15,840",By invitation through UM or directly,Periodic,No,Mellon foundation grants for humanities and urban research. Often channeled through UM partnerships.,"Thün CV (2018, Mapping Egalitarian Metropolis $15,840); Wizinsky CV (2018–2019, Humanities Without Walls $110K)",https://mellon.org
NextCycle Michigan – Recycling Innovation Track / Technology Translation,NextCycle Michigan / EGLE,grant,"Architecture, Materials, Circular Economy, Sustainability","$10,000–$250,000",Annual RFP; check NextCycle Michigan,Annual,No,Michigan state program funding circular economy and materials innovation research. Multiple tiers.,"Miller/Moran/Humphrey CV (2022–2026, multiple grants $10K–$250K)",https://nextcycle.com
Guardian / Taubman Research Alliance,Guardian Industries / University of Michigan,grant,"Architecture, Glass, Health, Workplace","$100,000–$207,600",By invitation (industry partner),Rolling,Yes,"Industry-academic research alliance grants for glass, wellness and workplace design.","Knoblauch/Adams/Nanda CV (2019–2020, $133K–$207K)",https://guardian.com
Walton Family Foundation – Design Excellence Program,Walton Family Foundation,grant,"Architecture, Design, Northwest Arkansas",Program support,Check Walton Family Foundation; NWA focus,Rolling,Yes,Design excellence program in Northwest Arkansas supporting innovative architecture practices.,Lui/Future Firm CV (2025),https://waltonfamilyfoundation.org
Department of Labor and Economic Opportunity (LEO) – Michigan,Michigan Dept. of Labor and Economic Opportunity,grant,"Architecture, Community, Housing, Detroit","$750,000",Check MLEO grant programs,Periodic,No,Michigan state grants for community and housing resilience projects.,"Fure CV (2024–2026, Rehab for America Detroit $750K)",https://michigan.gov/leo
Kresge Foundation – Arts in Detroit / Literary Artist Fellowship,Kresge Foundation,fellowship,"Architecture, Arts, Detroit, Community, Writing","$25,000+",Annual; check Kresge Arts in Detroit,Annual,No,"Detroit-focused arts fellowship for artists, architects, and writers with Detroit practice.","Wilkins CV (2010, Literary Artist Fellow); multiple Detroit-based faculty",https://kresge.org/arts
Poverty Solutions Initiative – Faculty Grants,University of Michigan Poverty Solutions,internal,"Architecture, Urban Planning, Housing, Equity","$10,000–$30,000",Annual; check Poverty Solutions,Annual,No,UM initiative grants for research addressing poverty and inequality.,Kinder CV (Poverty Solutions grants multiple years),https://povertysolutions.umich.edu
Minneapolis Foundation – Thriving Communities Grant,Minneapolis Foundation,grant,"Urban Planning, Architecture, Community, Resilience","$100,000–$150,000",Check Minneapolis Foundation,Annual,No,Community resilience and planning grants. Connected to Great Lakes regional work.,"Gräbner CV ($100K–$150K, Minneapolis Foundation)",https://minneapolisfoundation.org
Carasso Foundation – International Research,Daniel & Nina Carasso Foundation,grant,"Urban Planning, Food Systems, International (Bolivia)","$15,000–$30,000",Check Carasso Foundation; international focus,Rolling,Yes,International grants for sustainable food systems and community research.,"Kinder CV (Bolivia research, multiple years)",https://fondationcarasso.org
Kellogg Foundation – Community Research Grants,W.K. Kellogg Foundation,grant,"Urban Planning, Community, Food Systems, Equity","$30,000–$100,000",Check Kellogg Foundation,Rolling,Yes,"Major foundation supporting community-centered food, health, and equity research.",Kinder CV (multiple evaluations of MSU Center for Regional Food Systems),https://wkkf.org
Precast Institute Foundation – Studio Teaching Grant,Precast/Prestressed Concrete Institute Foundation,grant,"Architecture, Construction, Materials, Teaching","$75,000",Annual; check PCI Foundation,Annual,No,Grants for capstone studios and research focused on precast concrete in architecture education.,"Wilcox CV (2016, MSDT Capstone Studio $75K)",https://pci.org/foundation
Michigan Materials Research Institute (MMRI) – Incubator Grant,"Michigan Materials Research Institute, U-M",internal,"Architecture, Materials, Research, Technology","$60,000",Annual; check MMRI,Annual,No,UM materials research incubator grants for experimental materials and fabrication research.,"Wilcox CV (2024, $60K)",https://mmri.umich.edu
FARO Technologies – LiDAR Equipment Sponsorship,FARO Technologies,grant,"Architecture, Technology, Digital Fabrication, LiDAR","$145,249 (equipment value)",By invitation / industry partnership,Rolling,Yes,Industry equipment sponsorship for LiDAR scanning labs and spatial research. Contact FARO for partnership.,"Adams/Gilpin CV (2025–, EIPC Scan-Lab $145K in equipment)",https://faro.com
Van Alen Institute – Design Competition / Development Stipend,Van Alen Institute,prize,"Architecture, Urban Design, Memorial, Competition","$15,000–$16,000",Check Van Alen Institute; periodic competitions,Periodic,No,Design competition and development grants for visionary urban and memorial architecture projects.,"Trandafirescu CV (2016, Memorials for the Future VOICEOVER, $15K stipend)",https://vanalen.org
Games for Change / ACADIA – Games and Design Awards,Games for Change / ACADIA,award,"Architecture, Design, Games, Digital",Award + prizes,Annual; check Games for Change & ACADIA,Annual,No,Awards for design innovation using games. Devolver Digital publishing funds also available ($27K–$45K).,"Sanchez CV (2016, Best Gameplay Block'hood; $27K–$45K Devolver publishing funds)",https://gamesforchange.org
MacDowell Colony Fellowship,MacDowell Colony,fellowship,"Architecture, Creative Practice, Arts",Full residency + stipend,3 deadlines/year,Rolling,Yes,Prestigious residency fellowship for artists and architects. Competitive juried application.,Abrons CV (2017),https://macdowell.org
Akademie Schloss Solitude – Fellowship in Architecture,Akademie Schloss Solitude,fellowship,"Architecture, Creative Practice, International",Residency + stipend,Annual; check website,Annual,No,Prestigious international fellowship in Stuttgart for emerging architects and artists.,Abrons CV (2011–2012),https://akademie-solitude.de
Fulbright – Scholar / Specialist / Visiting Research Chair,Fulbright Program / US State Dept.,fellowship,"Architecture, Humanities, International, Engineering Education","$3,000–$25,000+",Annual; check Fulbright.org; typically October deadline,Annual,No,Multiple Fulbright tracks. Visiting Research Chair (Canada) $25K; Specialist grant for individual experts. Competitive.,"Knoblauch CV (2015, Canada Chair, McGill, $25K); Navvab CV (2013, Specialist Grant)",https://fulbright.org
Canada Council for the Arts – Prix de Rome in Architecture,Canada Council for the Arts,fellowship,"Architecture, Arts, Canada, International",Stipend + travel support,Annual; check Canada Council,Annual,No,Prestigious national juried award supporting Canadian architects for international research travel.,"Thün/Velikov/Ripley CV (2009, RVTR)",https://canadacouncil.ca
Canada Council for the Arts – Venice Biennale Support,Canada Council for the Arts,grant,"Architecture, Exhibition, International, Venice",Exhibition support + stipend,Biennial; check Canada Council ahead of Venice Biennale,Biennial,No,Support for Canadian representation at the Venice Architecture Biennale. Competitive juried selection.,"Thün/Velikov CV (2015, EXTRACTION); Velikov CV (2015)",https://canadacouncil.ca
Willard A. Oberdick Fellowship – Taubman College,"Taubman College, University of Michigan",fellowship,"Architecture, Research, Emerging Practice",Annual stipend + support,Annual; check Taubman,Annual,No,UM post-professional fellowship for emerging architects doing advanced research at Taubman.,Hwang CV (2010–2011); Newell CV (2009–2010); Kutil CV; Wilcox CV (1999–2000 Muschenheim/Oberdick),https://taubmancollege.umich.edu
William Muschenheim Fellowship – Taubman College,"Taubman College, University of Michigan",fellowship,"Architecture, Research, Creative Practice",Annual stipend,Annual; check Taubman,Annual,No,Taubman fellowship for research-based architectural practice. Predecessor to Oberdick fellowship.,Trandafirescu CV (2005–2006); Newell CV (2009–2010 William Muschenheim),https://taubmancollege.umich.edu
Peter Reyner Banham Fellowship – UB Buffalo,University at Buffalo School of Architecture and Planning,fellowship,"Architecture, Research, History, Technology",Fellowship + stipend,Annual; check UB Architecture,Annual,No,Buffalo fellowship honoring Banham's legacy at intersection of technology and architecture culture.,Kutil CV (2019–2020); Navvab CV (2001–2002 Reyner Banham Fellow),https://ap.buffalo.edu
Walter B. Sanders Fellowship – Taubman College,"Taubman College, University of Michigan",fellowship,"Architecture, Visiting Faculty, Research",Visiting assistant professor appointment + stipend,Annual; check Taubman,Annual,No,Taubman visiting fellowship for emerging architecture academics.,Borum CV (1996–1997); von Bülow CV (2007–2008),https://taubmancollege.umich.edu
NCARB Scholars Program,National Council of Architectural Registration Boards,fellowship,"Architecture, Education, Practice, Future of Practice",Stipend + research support,Annual; check NCARB website,Annual,No,Supports architectural educators exploring the future of academia and practice.,Multiple CVs (Nanda noted as NCARB Scholar 2021),https://ncarb.org
Hambidge Center – Distinguished Fellowship,Hambidge Center for Creative Arts and Sciences,fellowship,"Architecture, Arts, Creative Practice, Writing",Residency + stipend,Annual; check Hambidge Center,Annual,No,Residency fellowship in the Blue Ridge Mountains for creative and research practice.,Wilkins CV (2015),https://hambidge.org
Center for Conscious Cities – Lighthouse Fellowship,Center for Conscious Cities,fellowship,"Architecture, Urban, Consciousness, Brain, Design",Fellowship + program,Annual; check CCC website,Annual,No,"Fellowship supporting research at intersection of cities, consciousness and human experience.",Nanda CV (2024),https://consciouscities.org
Cornell AAP – Robert James Eidlitz Fellowship,"Cornell University College of Architecture, Art, and Planning",fellowship,"Architecture, Research, History, Materials",Fellowship stipend,Annual; check Cornell AAP,Annual,No,Cornell fellowship supporting architectural research.,Multiple CVs (2022–2023),https://aap.cornell.edu
Pietro Belluschi Distinguished Professorship – U of Oregon,University of Oregon College of Design,fellowship,"Architecture, Diversity, Spatial Justice, Visiting",Visiting professorship + stipend,Periodic; contact U of Oregon,Periodic,No,Distinguished visiting professor appointment with emphasis on spatial justice and community design.,Wilkins CV (2019–2021),https://design.uoregon.edu
Visiting Maxfield Scholar – Miami University Ohio,Miami University (Ohio),fellowship,"Architecture, Art, Visiting Scholarship",Stipend + residency,Annual; check Miami University Ohio,Annual,No,Visiting scholar program at Miami University Ohio.,Sirota CV (2023–2024),https://miamioh.edu
Weiser Center for Europe and Eurasia – Fellow,"Weiser Center for Europe and Eurasia, University of Michigan",fellowship,"Architecture, Eastern Europe, International Research",Fellowship + access,Annual; check WCEE,Annual,No,UM center fellowship for research connected to Europe and Eurasia.,"Vatandoost CV (2019–2020, Fulbright Visiting Scholar); Vatandoost CV (2022, WCEE Scholars at Risk)",https://ii.umich.edu/wcee
Scholars at Risk (SAR) Fellowship – WCEE/UM,"Scholars at Risk / Weiser Center, University of Michigan",fellowship,"Architecture, International, Academic Freedom",Fellowship + host institution support,Rolling; check Scholars at Risk network,Rolling,Yes,Protection and hosting fellowship for scholars at risk internationally. UM has active host program.,"Vatandoost CV (2022, WCEE SAR Fellow)",https://scholarsatrisk.org
Carr Center Fellowship – Arts League of Michigan,Arts League of Michigan / The Carr Center,fellowship,"Architecture, Arts, Detroit, Community",Fellowship + stipend,Annual; check Arts League of Michigan,Annual,No,Detroit-based arts fellowship supporting creative practice and community arts.,Halquist CV (2014),https://artsleague.org
Izolyatsia Foundation – International Residency,Izolyatsia Foundation,residency,"Architecture, Arts, Ukraine, International",Residency + stipend,Annual; check Izolyatsia Foundation,Annual,No,Ukrainian arts foundation supporting international residencies and public scholarship.,Wilson CV (Izolyatsia Foundation Kiev),https://izolyatsia.org
Stanford Art Institute / Stanford Arts Fellowship,Stanford University,fellowship,"Architecture, Arts, Visiting",Visiting associate professorship + stipend,Annual; check Stanford Arts Institute,Annual,No,Visiting faculty fellowship at Stanford for artists and architects.,"Wilson CV (2016–2017, Fellow + Visiting Associate Professor)",https://arts.stanford.edu
Smithsonian Cooper-Hewitt – National Design Award (Design Mind),Smithsonian Cooper-Hewitt National Design Museum,award,"Architecture, Design, Community, Social Impact",Award + recognition,Annual nominations (by nomination only),Annual,No,Prestigious national design award. Design Mind category recognizes visionary design thinking. Nomination-based.,Wilkins CV (2017 Design Mind winner),https://cooperhewitt.org/national-design-awards
ACSA – Faculty Design Award,Association of Collegiate Schools of Architecture,award,"Architecture, Design, Education, Research",Award + exhibition,Annual; check ACSA; typically January deadline,Annual,No,Peer-reviewed award recognizing outstanding faculty design and design-research work.,"Sirota CV (2016); Thün/Velikov CV (2012, 2014, 2015, 2020); Wilcox CV (2011); Sanchez CV (Block'hood)",https://acsa-arch.org
ACSA – Collaborative Practice Award,Association of Collegiate Schools of Architecture,award,"Architecture, Collaboration, Practice, Education",Award + recognition,Annual; check ACSA,Annual,No,Recognizes outstanding collaborative practice models in architecture education.,Wilkins CV (2008),https://acsa-arch.org
ACSA – Architecture Education Awards (Research Contribution),Association of Collegiate Schools of Architecture,award,"Architecture, Education, Scholarship, Research",Award + recognition,Annual; check ACSA,Annual,No,"Multiple ACSA award tracks including TAD Research Contribution, Latitudo Borealis etc.","Thün CV (2020, TAD Research Contribution); Velikov CV (2020 AIA/ACSA Housing Design Education)",https://acsa-arch.org
EDRA – Certificate of Research Excellence (CORE),Environmental Design Research Association,award,"Architecture, Research, Health, Environment",Certificate + recognition,Annual; check EDRA.org,Annual,No,Award for practice-based research balancing rigor and real-world impact in environmental design.,"Nanda CV (6 COREs: 2016, 2021 x2, 2022 x2)",https://edra.org
EDRA – Great Places Award,Environmental Design Research Association,award,"Architecture, Place, Community, Urban",Award + recognition,Annual; check EDRA,Annual,No,EDRA award for outstanding place-making and place-based design research.,"Kutil CV (2022, Black Bottom Street View)",https://edra.org
Center for Health Design – EBD Touchstone Award (Platinum),Center for Health Design,award,"Architecture, Health, Evidence-Based Design, Research",Platinum award + recognition,Annual; check healthdesign.org,Annual,No,Top-tier award demonstrating demonstrated link between built environment and health outcomes.,"Nanda CV (2022, ProMedica Generations Tower; 2022, UC San Diego North Torrey Pines)",https://healthdesign.org
ASID – Outcome of Design Award,American Society of Interior Designers Foundation,award,"Architecture, Interior Design, Research, Health",Award + recognition,Annual; check ASID,Annual,No,ASID award recognizing projects with measurable design outcomes.,Nanda CV (2022 x2),https://asid.org
"AIA – Design Awards (National, Michigan, Detroit, Huron Valley)",American Institute of Architects,award,"Architecture, Design, Practice, Building",Award + recognition,Annual; check AIA chapters,Annual,No,"Multiple AIA award tracks at national, state, and local levels. Most categories open to all licensed architects.","Borum/Maigret CV (multiple AIA Michigan, AIA Detroit); Trandafirescu CV (AIA Huron Valley); Unverzagt CV (AIA Detroit)",https://aia.org
AIA/ACSA Practice + Leadership Award,AIA / Association of Collegiate Schools of Architecture,award,"Architecture, Education, Practice, Leadership",Award + jury role,Annual; check AIA/ACSA,Annual,No,"Joint award recognizing highly effective teaching, scholarship, and outreach in professional practice.","Hwang CV (2025, juror)",https://acsa-arch.org
SARA – National Design Award,Society of American Registered Architects,award,"Architecture, Design, Practice, Building",Award + recognition,Annual; check SARA national and NY chapter,Annual,No,SARA national design awards with multiple categories. Both NY and National chapter awards.,"Borum/Maigret CV (2019, 2022, 2023 multiple SARA awards, St Mary Chapel, Marygrove)",https://sara-national.org
Mies Crown Hall Americas Prize (MCHAP) – Emerging Architecture,Illinois Institute of Technology (IIT),prize,"Architecture, Design, Americas, Emerging Practice",Prize + exhibition,Biennial; check MCHAP/IIT,Biennial,No,"Biennial prize for the best emerging architecture in the Americas. Nomination-based, highly competitive.","Abrons/T+E+A+M CV (2024, Northwood ADU, selected nominee); Lui/Future Firm CV (2024, Hem House)",https://mcap.iit.edu
The Architect's Newspaper – Best of Design Award,The Architect's Newspaper,award,"Architecture, Design, Practice, Interiors",Award + feature,Annual; check archpaper.com,Annual,No,Annual awards across multiple categories. Both jury and editors pick awards.,Abrons/T+E+A+M CV (2017–2019); Unverzagt/M1DTW CV (2024 LSC-O); Borum/Maigret CV (2021); Maigret CV (2023 Top 50),https://archpaper.com
Architizer A+ Awards,Architizer,award,"Architecture, Design, Practice",Award + recognition,Annual; check Architizer.com,Annual,No,Major annual architecture awards program with Jury and Popular Choice tracks.,"Thün/Velikov CV (2013, Resonant Chamber Jury + Popular Choice)",https://architizer.com/awards
AZ Awards – Social Good / Design Research,Azure Magazine,award,"Architecture, Social Design, Research, Canada",Award + feature,Annual; check Azure Magazine,Annual,No,Canadian design awards with Social Good category. Open to international projects.,"Thün/Velikov CV (2017, EXTRACTION winner)",https://azuremagazine.com
Royal Architectural Institute of Canada – Award of Excellence,Royal Architectural Institute of Canada (RAIC),award,"Architecture, Design, Canada, Innovation",Award + recognition,Annual; check RAIC.org,Annual,No,Top Canadian architecture award for excellence in design and innovation.,Thün/Velikov/RVTR CV (2011),https://raic.org
Journal of Architectural Education – Best Design as Scholarship Award,Journal of Architectural Education / ACSA,award,"Architecture, Scholarship, Design, Publication",Award + recognition,Annual peer review,Annual,No,Recognizes the best design-as-scholarship article published in JAE each year.,Thün/Velikov CV (2013); Ng CV (Faculty Design Award Honorable Mention),https://tandfonline.com/toc/rjae20
Progressive Architecture / Architect Magazine – R&D Award,Architect Magazine,award,"Architecture, Research, Materials, Technology",Award + feature,Annual; check Architect Magazine,Annual,No,Award for innovative applied architecture research. Long history as 'PA Award.',"Thün/Velikov CV (2010, North House Award of Excellence; 2016 HM); Borum CV (2011 Storm Glass; 2010 Shadow Pavilion); Trandafirescu CV (2014 C_LITH)",https://architectmagazine.com
AIA / AAF Scholarship for First Professional Degree Candidates,American Institute of Architects Foundation,fellowship,"Architecture, Graduate Education, First Professional Degree","$2,000–$5,000",Annual; check AIA/AAF,Annual,No,Scholarship for students in accredited first professional degree programs. Faculty can mentor nominees.,"Fure CV (2005, $2K); Abrons CV (2005, James Petit Memorial version)",https://aia.org/education
American Landscape Association – Bradford Williams Medal,American Landscape Association,award,"Architecture, Landscape, Writing, Publications",Medal + recognition,Annual; check ALA,Annual,No,Award for outstanding writing on landscape and architecture.,Wilkins CV (2020),https://www.asla.org
ACADIA – Faculty Design Award / Emerging Research Award,Association for Computer Aided Design in Architecture,award,"Architecture, Digital Design, Computation, Fabrication",Award + conference,Annual; check ACADIA conference,Annual,No,"ACADIA awards for faculty design, research, and emerging practice in computational architecture.","Sanchez CV (2015 Emerging Research, Block'hood); Ng CV (Faculty Design HM, Robotic Needle Felting)",https://acadia.org
IESNA – International Illumination Design Award,Illuminating Engineering Society of North America,award,"Architecture, Lighting, Environmental Design",Award + recognition,Annual; check IESNA,Annual,No,International awards for outstanding illumination and lighting design. Multiple award levels.,Navvab CV (multiple IESNA Edwin F. Guth Memorial Awards 1989–1999); Borum/Maigret CV (2019 IES Award of Merit),https://ies.org
Donna M. Salzer Award for Teaching Excellence – Taubman,"Taubman College, University of Michigan",award,"Architecture, Teaching, Excellence",Award + recognition,Annual; nominated by graduating students,Annual,No,Taubman College teaching award given by graduating students. Prestigious internal recognition.,"Gilpin CV (multiple: 2007, 2009, 2012, 2014, 2016, 2019); Maigret CV (2022)",https://taubmancollege.umich.edu
Ragdale Foundation – Adrian Smith Prize / Ring Competition,Ragdale Foundation,prize,"Architecture, Landscape Installation, Competition",Prize + fabrication budget,Annual/biennial; check Ragdale Foundation,Annual,No,Landscape ring installation competition with cash prize. Open to emerging architects.,"Moran/T+E+A+M CV (2016–2017, Living Picture winner); Fure CV (2017 winner)",https://ragdale.org
CIC Academic Leadership Fellow,Committee on Institutional Cooperation / Big Ten Academic Alliance,fellowship,"Architecture, Academic Administration, Leadership",Fellowship + program,Annual; check Big Ten Academic Alliance,Annual,No,Leadership development fellowship for mid-career academic administrators at Big Ten universities.,Haar CV (2010–2011 CIC Fellow); Velikov CV (2022–2023 Academic Leadership Program Fellow),https://btaa.org
APA National Planning Award – Best Article,American Planning Association,award,"Urban Planning, Architecture, Research, Policy",Award + recognition,Annual; check APA,Annual,No,APA award for best article in JAPA on planning topics including sustainability and equity.,"Campbell CV (1997, Green Cities Growing Cities Just Cities)",https://planning.org
Mellon Postdoctoral Fellowship in the Humanities,Mellon Foundation / Various universities,fellowship,"Architecture, Humanities, Postdoctoral Research","$50,000–$60,000",Annual; check consortium universities,Annual,No,Prestigious postdoctoral fellowship for humanities scholars. Offered at many research universities.,"Wilson CV (2003–2005, U of Illinois Urbana-Champaign)",https://mellon.org
Whiting Humanities Fellowship,Whiting Foundation,fellowship,"Architecture, Humanities, Dissertation, Writing",Fellowship + stipend,Annual; check Whiting Foundation,Annual,No,Prestigious fellowship for doctoral students in humanities disciplines.,"Wilson CV (2001, Harvard)",https://whiting.org
Aga Khan Foundation – Summer Research Fellowship,Aga Khan Foundation,fellowship,"Architecture, International, Islamic Architecture, History",Summer stipend,Annual; check Aga Khan programs,Annual,No,Fellowship supporting research on Islamic architecture and built environment.,"Wilson CV (1988, Bosnia-Herzegovina research)",https://akdn.org
DAAD – German Academic Exchange Service Fellowship,DAAD,fellowship,"Architecture, Germany, International, Exchange",Stipend + support,Annual; check DAAD,Annual,No,German government fellowship for US academics to conduct research in Germany.,"Campbell CV (1986–1987, Berlin); Navvab CV (2012 Visiting Scholar Fraunhofer)",https://daad.de
Fulbright Specialist Grant in Engineering Education,Fulbright Program / US State Dept.,fellowship,"Architecture, Engineering Education, International",Specialist grant + travel,Rolling; apply to Fulbright Specialist Roster,Rolling,Yes,Short-term specialist grants for US academics to partner with overseas institutions. Roster-based system.,Navvab CV (2013),https://fulbrightspecialist.org
Forbes Magazine – Top Residential Architects,Forbes Magazine,award,"Architecture, Residential Design, Practice",Recognition + feature,Annual; by Forbes editorial selection,Annual,No,Forbes annual list recognizing top residential architecture practices in the US.,Borum/PLY+ CV (2024),https://forbes.com
University of Detroit Mercy – Alumni of the Year (Architecture),University of Detroit Mercy,award,"Architecture, Alumni, Community, Detroit",Award + recognition,Annual nominations,Annual,No,Annual alumni recognition for outstanding contributions to architecture.,Wilkins CV (2023),https://udmercy.edu
MLK Spirit Award – University of Michigan,University of Michigan,award,"Architecture, Community, Social Justice, Service",Award + recognition,Annual nominations,Annual,No,UM award for faculty/staff embodying Dr. King's legacy through scholarship and community service.,Wilkins CV (2021); Grengs CV (2021 North Campus MLK Spirit Award),https://umich.edu/mlk
Faculty Excellence Award – Taubman College,"Taubman College, University of Michigan",award,"Architecture, Teaching, Service, Excellence",Award + recognition,Annual; nominated internally,Annual,No,Taubman College internal recognition for outstanding teaching and service.,Grengs CV (2021–2022),https://taubmancollege.umich.edu
Claudia Joan Alexander Trailblazer Award – WISE,"Women in Science and Engineering (WISE), University of Michigan",award,"Architecture, Diversity, Women, STEM",Award + recognition,Annual; check WISE program,Annual,No,"UM award recognizing women who advance excellence and equity in science, technology and design.",Hwang CV (2024),https://wise.umich.edu
ACADA Society Award for Leadership,Association for Computer Aided Design in Architecture (ACADIA),award,"Architecture, Computation, Leadership, Community",Award + recognition,Annual; check ACADIA,Annual,No,ACADIA award for leadership in the computational design community.,Velikov CV (2023),https://acadia.org
RTKL Worldwise Fellow,RTKL Associates Architects,fellowship,"Architecture, Practice, Emerging Professional",Fellowship + stipend,Annual; check RTKL/Arcadis,Annual,No,Industry fellowship for emerging architecture professionals.,Kinder CV (2004–2005),https://arcadis.com
Isokyatsia / Canadian Centre for Architecture – Research Grant,Canadian Centre for Architecture (CCA),grant,"Architecture, History, Archives, Canada","$2,000",Annual; check CCA.qc.ca,Annual,No,Collection access and research grants for scholars working with CCA holdings.,"Knoblauch CV (2010, $2K); Wilson CV (1997, Doctoral Fellow CCA)",https://cca.qc.ca
SXSW Eco – Place by Design Award,SXSW Eco,award,"Architecture, Urban, Ecology, Innovation, Installation",Award + presentation slot,Annual; check SXSW Eco,Annual,No,Award for innovative place-based design at SXSW Eco conference.,"Sirota CV (2015, The Mothership)",https://sxsw.com/eco
Detroit Metro Times – METRO Award (Design/Architecture),Metro Times Detroit,award,"Architecture, Design, Detroit, Community",Award + recognition,Annual; reader-nominated,Annual,No,Detroit alternative media awards for community-centered design practice.,Multiple Detroit-based faculty,https://metrotimes.com
NSF – Consortium-Based Stacked Mentorship,National Science Foundation,federal,"Architecture, Education, Equity","$100,000",Check NSF.gov for current deadlines,Annual,No,"Supports inter-institutional research capacity, access, and collaboration through consortium-based mentorship models.",Hwang CV (granted 2024),https://www.nsf.gov
Rackham Faculty & Student Ally Grant,"Rackham Graduate School, University of Michigan",internal,"Research, Education, Equity, Architecture","$5,000–$25,000",Rolling; check Rackham website,Annual,Yes,UM internal funding supporting faculty-student collaborative research and equity initiatives.,Hwang CV (multiple awards 2020–2024),https://rackham.umich.edu
UM Arts Initiative – Creative Fellows Grant,University of Michigan Arts Initiative,internal,"Arts, Architecture, Interdisciplinary","$19,111 (example)",Annual cycle; check Arts Initiative website,Annual,No,UM internal grant supporting interdisciplinary arts-integrated teaching and research projects.,"Hwang CV (Art and Anatomy, granted 2022)",https://artsinitiative.umich.edu
PEFF – Public Engagement Faculty Fellowship,"Center for Academic Innovation / OVPR, University of Michigan",internal,"Research, Public Engagement, Architecture",Fellowship stipend + support,Annual cycle; check OVPR website,Annual,No,UM fellowship for faculty engaged in publicly impactful scholarship and community-facing research.,Hwang CV (PEFF Fellow 2022),https://research.umich.edu
CRLT Faculty Development Fund,"Center for Research, Learning & Teaching, University of Michigan",internal,"Teaching, Research, Architecture, Education","$1,000–$10,000",Annual cycle; check CRLT website,Annual,No,UM internal grants supporting faculty development in pedagogy and course innovation.,Hwang CV (multiple awards 2019–2022),https://crlt.umich.edu
LEO Professional Development Fund,"Lecturers' Employee Organization, University of Michigan",internal,"Teaching, Professional Development","$412–$2,000",Annual cycle; check LEO website,Annual,No,UM internal fund for lecturers to support professional development activities.,Hwang CV (multiple awards 2020–2022),https://www.leounion.org
Institute for the Humanities Fellowship,"LSA Institute for the Humanities, University of Michigan",internal,"Humanities, Architecture, Research","$6,000",Annual; typically fall deadline,Annual,No,UM summer fellowship supporting humanities research projects with interdisciplinary impact.,"Hwang CV (Pivotal Constructions, granted 2021)",https://lsa.umich.edu/humanities
Gilbert A. Whitaker Fund,"CRLT / Gilbert Whitaker Fund, University of Michigan",internal,"Leadership, Architecture, Teaching","$10,000",Annual cycle; check CRLT website,Annual,No,UM internal grant supporting leadership and teaching initiatives in professional and design education.,"Hwang CV (Leadership in Architecture, granted 2019)",https://crlt.umich.edu
Ginsberg Community-Driven Grant,"Edward Ginsberg Center, University of Michigan",internal,"Community Engagement, Design, Planning","$2,500",Annual RFP; check Ginsberg Center,Annual,No,UM grant supporting community-engaged projects and public design initiatives.,"Hwang CV (U-M Public Design Corps, granted 2021)",https://ginsberg.umich.edu
MSI Collaboration & Implementation Grant,University of Michigan,internal,"Architecture, Education, Equity, Consortium","$30,000",Annual; check OVPR,Annual,No,UM grant supporting multi-institutional collaboration and implementation of equity-focused education programs.,"Hwang CV (EAEC initial funding, granted 2019)",https://research.umich.edu
NCARB Scholars Program,National Council of Architectural Registration Boards,grant,"Architecture, Education, Practice",Stipend + research support,Annual; check NCARB website,Annual,No,Supports architectural educators exploring the future of academia and practice.,Hwang CV (NCARB Scholar 2021),https://www.ncarb.org
Experimental Learning Fund (ELF),University of Michigan,internal,"Architecture, Travel, Education","$6,000–$10,000",Annual; check Provost office,Annual,No,UM fund supporting experimental and travel-based learning studios and courses.,"Hwang CV (Architectural Arbitrage $10K + Tokyo $6K, 2011–12)",https://ii.umich.edu
NSF CIVIC-FA – Civic Innovation & Technology,National Science Foundation,federal,"Urban Technology, Design, Community","$1,000,000",Check NSF.gov for current solicitation,Annual,No,NSF federal grant supporting civic-facing innovation projects with community and technology dimensions.,"Wizinsky CV (Rehab for America, Senior Personnel, 2025–26)",https://www.nsf.gov
Humanities Without Walls – Mellon Foundation,Andrew W. Mellon Foundation / Big Ten Academic Alliance,grant,"Humanities, Design, Public History, Health","$110,000",Check Humanities Without Walls consortium,Varies,No,Consortium grant supporting collaborative humanities research across Big Ten institutions.,"Wizinsky CV (Transmedia Collage, $110K, 2018–19)",https://www.mellon.org
MAC Cosmetics AIDS Fund,MAC Cosmetics / Viva Glam,grant,"Health, Design, Public History","$70,000",By invitation / check MAC AIDS Fund,Varies,No,Philanthropic grant supporting HIV/AIDS public health and awareness projects.,"Wizinsky CV (Women and HIV oral history, $70K, 2016–18)",https://www.maccosmetics.com/viva-glam
Nathan Cummings Foundation Grant,Nathan Cummings Foundation,grant,"Health, Design, Community","$5,000",Check foundation website,Varies,No,Supports arts and design projects addressing social justice and public health.,"Wizinsky CV (Women and HIV oral history, $5K, 2015)",https://www.nathancummings.org
People's Liberty Foundation Grant,People's Liberty,grant,"Design, Community, Social Justice","$7,500",Annual; check People's Liberty website,Annual,No,Cincinnati-based philanthropic grant supporting community-engaged design and social justice projects.,"Wizinsky CV (Women of Color / Justice project, $7,500, 2018)",https://www.peoplesliberty.org
Exhibit Columbus University Design Research Fellowship,Exhibit Columbus,fellowship,"Architecture, Urban Design, Research","$10,000",Annual; check Exhibit Columbus,Annual,No,"Fellowship supporting design research projects exhibited in Columbus, IN as part of the biennial.","Wizinsky CV (The Long Now, $10K, 2018–19)",https://www.exhibitcolumbus.org
Andrew W. Mellon Foundation – Digital Scholarship,Andrew W. Mellon Foundation,grant,"Digital Humanities, Design, Research","$900,000 (institutional); varies individually",By invitation; check foundation,Varies,No,Supports digital humanities infrastructure and scholarship at research universities.,"Wizinsky CV (UC Digital Scholarship Center, $900K institutional, 2018–20)",https://www.mellon.org
UC / UM Digital Humanities & Scholarship Grant,University Digital Humanities Center (UC or UM),internal,"Digital Humanities, Design, Research","$10,000",Annual; check institution's DH center,Annual,No,Internal university grant supporting digital humanities and design scholarship projects.,"Wizinsky CV (Community archives, $10K, 2019–20)",https://www.digitalhumanities.org
Provost's Office Research Grant (University of Cincinnati),"Office of the Provost, University of Cincinnati",internal,"Design, Research, Urban Futures","$7,500–$20,000",Annual; check Provost office,Annual,No,Internal UC competitive grant supporting faculty research projects and exhibitions.,Wizinsky CV (multiple awards 2017–18),https://www.uc.edu/provost.html
Stamps School Seed Grant – Discursive Design,University of Michigan Stamps School of Art & Design,internal,"Design, Research, Database","$15,000",Annual; check Stamps School,Annual,No,UM internal seed grant for design research initiatives including databases and publications.,"Wizinsky CV (Discursive design database, $15K, 2016–18)",https://stamps.umich.edu
Robert Wood Johnson Foundation – Land Use & Health Equity,Robert Wood Johnson Foundation,grant,"Architecture, Planning, Health Equity, Land Use","$250,000",Letter of intent; check RWJF website,Annual,No,Grant reimagining land use and zoning policy for community health equity; supports community land trust models.,"Cuéllar CV (LOI selected, $250K requested, 2025)",https://www.rwjf.org
SOM Foundation Research Prize,SOM Foundation,grant,"Architecture, Urban Design, Housing","$40,000",Annual; check SOM Foundation website,Annual,No,"Supports design research advancing housing justice, new housing typologies, and zoning reform.","Cuéllar CV ($40K awarded, 2024)",https://www.somfoundation.com
Lincoln Institute of Land Policy – Food Systems Grant,Lincoln Institute of Land Policy,grant,"Planning, Land Policy, Food Systems, Architecture","$10,000",Annual; check Lincoln Institute,Annual,No,"Supports research and design at the intersection of land policy, food systems, and territorial conflict.","Cuéllar CV ($10K awarded, 2022)",https://www.lincolninst.edu
Columbia GSAPP Buell Center Course Development Prize,Columbia University GSAPP / Buell Center,grant,"Architecture, Climate, Education","$10,000",Annual; check Buell Center,Annual,No,Supports development of innovative architecture courses addressing climate change and society.,"Cuéllar CV ($10K awarded, 2020)",https://www.arch.columbia.edu/research-labs-centers/4-buell-center
AIA Research Grant,American Institute of Architects,grant,"Architecture, History, Community","$2,000",Annual; check AIA website,Annual,No,AIA chapter-level research grant supporting architectural history and community-focused design research.,"Cuéllar CV (Freedmen Churches, $2K, 2014)",https://www.aia.org
Taubman College – Pressing Matters Grant,"Taubman College of Architecture and Urban Planning, UM",internal,"Architecture, Housing, Equity, Urban Design","$4,750–$20,000",Annual; check Taubman College,Annual,No,Internal Taubman grant supporting pressing research questions in architecture and urban planning.,"Cuéllar CV (Community Land Trusts, 2023–24); Morcillo Pallares CV (multiple 2022–24)",https://taubmancollege.umich.edu
Taubman College – OVPR Research Catalyst Award,"Office of VP for Research / Taubman College, UM",internal,"Architecture, Design, Community, Gaming","$15,000",Annual competitive cycle; check OVPR,Annual,No,UM internal award supporting innovative design research with community impact.,"Cuéllar CV (In Place We Trust game, $15K, 2024–25)",https://research.umich.edu
Taubman College – TVLab Fund for Experimental Inquiry,"Taubman College Visualization Lab, UM",internal,"Architecture, Visualization, Technology","$5,000",Annual; check Taubman College,Annual,No,Internal UM fund supporting experimental visualization and immersive technology research.,"Cuéllar CV (Perception and Legal Geography, 2023–24); Morcillo Pallares CV (2024)",https://taubmancollege.umich.edu
Taubman College – Seed Grant,"Taubman College of Architecture and Urban Planning, UM",internal,"Architecture, Technology, Research","$5,000",Annual; check Taubman College,Annual,No,Small seed grants for emerging research in architecture and urban planning.,"Cuéllar CV (Mixed-Reality Models, 2023–24)",https://taubmancollege.umich.edu
National Center for Institutional Diversity – Anti-Racism Fellowship,University of Michigan NCID,internal,"Architecture, Equity, Indigenous Knowledge, Research","$22,500",Annual; check NCID website,Annual,No,UM fellowship supporting faculty research at the intersection of anti-racism and community-engaged design.,"Cuéllar CV (Watershed Resurgence, 2024–25)",https://ncid.umich.edu
University of Minnesota Imagine Fund,University of Minnesota,internal,"Architecture, Land, Property, Spatial Practice","$5,000",Annual; check U of MN arts/humanities office,Annual,No,Internal grant supporting innovative arts and humanities research at University of Minnesota.,"Cuéllar CV (Property as Spatial Practice, $5K, 2020)",https://research.umn.edu/funding-opportunities/imagine-fund
Architectural League Prize,The Architectural League of New York,award,"Architecture, Urban Design","$2,000",Annual; check Architectural League website,Annual,No,Prestigious prize recognizing emerging architects and designers for innovative research and design work.,"Cuéllar CV ($2K, 2018)",https://archleague.org
Andrew W. Mellon Foundation Grants,Andrew W. Mellon Foundation,grant,"Architecture, Arts, International, Research","$20,000 (example)",Varies by program,Varies,No,"Supports scholarship in arts, humanities, and higher education. Used by Taubman faculty for architectural history research on postcolonial and Cold War contexts.",Stanek CV (2019–2021),https://www.mellon.org
British Academy Small Grants,The British Academy,grant,"Architecture, International, Research","£20,000 (example)",Typically spring,Annual,No,"Supports humanities and social sciences research. Has funded architectural history conferences, publications, and fieldwork.",Stanek CV (2021),https://www.thebritishacademy.ac.uk/funding
Graham Sustainability Institute – Catalyst Grant,"Graham Sustainability Institute, UM",internal,"Sustainability, Food Systems, Planning, Research","$9,950–$450,000",Annual cycle; check website,Annual,No,"UM internal grant supporting interdisciplinary sustainability research, pilot studies, and real-world impact projects.",Hoey CV (multiple 2017–2020); Miller CV (2022),https://graham.umich.edu
Graham Sustainability Institute – Dow Sustainability Fellowship,"Graham Sustainability Institute / Dow, UM",fellowship,"Sustainability, Planning, Food Systems","$20,000 per fellow",Typically fall semester,Annual,No,Masters-level fellowship for sustainability-focused capstone projects. Faculty serve as advisors and nominators.,Hoey CV (multiple advisees 2013–2022),https://graham.umich.edu
US Fulbright Scholar Program,U.S. Dept of State / CIES,fellowship,"Planning, International, Research",Varies; covers living/travel,August 1 annually,Annual,No,International research and teaching fellowship for faculty to conduct research or lecture abroad. Open to U.S. citizens.,"Hoey CV (awarded Bolivia, 2020)",https://fulbright.org
USDA NIFA – National Needs Graduate Fellowship,USDA National Institute of Food and Agriculture,federal,"Food Systems, Sustainability, Planning","$262,500 per award",Check Grants.gov; annual RFA,Annual,No,Federal fellowship funding graduate training in priority food and agricultural science areas. PIs apply to host fellows.,"Hoey CV ($525K total, 2021–2025)",https://www.nifa.usda.gov/grants
USDA NIFA – Partnership Grants (AFRI),USDA National Institute of Food and Agriculture,federal,"Food Systems, Sustainability, Research","$800,000+",Multiple RFAs; check Grants.gov,Annual,No,"Competitive federal grants for research partnerships in food, agriculture, and natural resources. Emphasis on multi-institutional collaboration.","Hoey CV ($800K, 2024–2028)",https://www.nifa.usda.gov/grants
NSF Convergence Accelerator,National Science Foundation,federal,"Sustainability, Planning, Research","$650,000 Phase I",Check NSF.gov for current tracks,Annual,No,Funds use-inspired convergence research addressing national-scale societal challenges. Phase I awards can lead to Phase II funding.,"Hoey CV ($650K, 2024)",https://www.nsf.gov
NIH Research Grants (R-series / Center Grants),National Institutes of Health,federal,"Planning, Food Systems, Research, Health",$6.7M+ (center grant example),"Feb, June, Oct (standard dates)",3x/year,No,"Federal health research funding. Planning and urban faculty can collaborate on equity, food systems, and community health.","Hoey CV ($6.7M, 2024–2029)",https://grants.nih.gov
W.K. Kellogg Foundation Grants,W.K. Kellogg Foundation,grant,"Food Systems, Planning, Sustainability","$35,000–$290,000",By invitation / partner institutions,Varies,No,"Philanthropic grants for food systems, equity, children, and community health. Often administered through partner institutions.",Hoey CV (multiple via MSU CRFS),https://www.wkkf.org
InterAmerican Foundation – Grassroots Development Fellowship,InterAmerican Foundation,fellowship,"Planning, International, Research","$25,000",Check IAF website,Annual,No,"Supports researchers working with grassroots organizations in Latin America and the Caribbean. Field-based, applied research focus.","Hoey CV ($25K, 2010–2011)",https://www.iaf.gov
Rackham Graduate School – Research & Predoctoral Grants,"Rackham Graduate School, UM",internal,"Research, Planning, Architecture","$1,000–$18,500",Rolling,Rolling,Yes,"UM internal funding for doctoral student research, travel, and dissertation work. Faculty serve as committee chairs and nominators.",Hoey CV (multiple advisees),https://rackham.umich.edu
UM OVPR – Transformation Grant,"Office of VP for Research, UM",internal,"Research, Sustainability, Planning","$24,926–$450,000",Annual competitive cycle,Annual,No,UM internal competitive grant for transformative interdisciplinary research. Seed funding for larger external grants.,Hoey CV (multiple OVPR awards),https://www.nsf.gov
UM Poverty Solutions – Faculty Research Grants,"Poverty Solutions Center, UM",internal,"Planning, Research, Equity","$20,000",Annual RFP; check website,Annual,No,"UM initiative funding faculty research addressing the causes and consequences of poverty. Supports community-engaged, policy-relevant research.","Hoey CV ($20K, 2017)",https://povertysolutions.umich.edu
Graham Foundation for Advanced Studies in the Fine Arts,"Graham Foundation, Chicago",grant,"Architecture, Arts, International","$8,000",Check Graham Foundation website,Annual,No,"Supports individuals and organizations working at the intersection of architecture and the arts. Grants for publications, exhibitions, and research.","Stanek CV ($8K, 2012); Miller CV (2015)",https://advance.umich.edu
Paul Mellon Centre – Publication Grants,"Paul Mellon Centre, London",grant,"Architecture, Arts, International","~£2,000",Rolling,Rolling,Yes,Supports publication of scholarly works on British art and architecture. Grants available for book manuscripts and related research.,Stanek CV (2024–25),https://www.mellon.org
CASVA – A.W. Mellon Postdoctoral Fellowship,"National Gallery of Art, Washington D.C.",fellowship,"Architecture, Arts, Research",Stipend + research funds,November annually,Annual,No,Prestigious two-year residential postdoctoral fellowship at the National Gallery of Art supporting scholars in art history and related fields.,Stanek CV (2011–2013),https://www.mellon.org
Canadian Centre for Architecture – Postdoctoral Fellowships,"Canadian Centre for Architecture, Montreal",fellowship,"Architecture, Arts, International, Research",Stipend + housing support,Typically January,Annual,No,Research fellowships at the CCA supporting architectural history and theory research using its extensive archives. Residential fellowship with collections access.,Stanek CV (2011),https://www.cca.qc.ca/en/opportunities
Michigan Society of Fellows – Senior Fellowship,"Michigan Society of Fellows, UM",fellowship,"Architecture, Research, Arts, Planning",Research support + stipend,By nomination; check MSF website,Annual,No,"Prestigious UM fellowship for exceptional scholars in arts, humanities, and social sciences. Provides research support, community, and university visibility.",Stanek CV (appointed 2023),https://societyoffellows.umich.edu
Charles Jencks Foundation – Research Fellowship,"Charles Jencks Foundation, London",fellowship,"Architecture, Arts, International",Varies,Check CJF website,Varies,No,Supports innovative research in architecture and landscape. Named fellowships and research grants available. Focus on advancing architectural discourse.,Stanek CV (May 2023),https://www.jencksfoundation.org
WOJR / Civitella Ranieri Architecture Prize,WOJR / Civitella Ranieri Foundation,award,"Architecture, Arts, International",Residency + project support,Check WOJR website,Annual,No,"Supports an architect or academic in developing a significant body of work. Provides residency at Civitella Ranieri castle in Umbria, Italy.",Newell CV (2020),https://civitella.org
Kresge Artist Fellowship,Kresge Foundation / Kresge Arts in Detroit,fellowship,"Arts, Architecture, Detroit","$25,000 unrestricted",Annual; check Kresge Arts in Detroit,Annual,No,Supports Detroit-area artists and practitioners with unrestricted funding. Applicants must be based in Metro Detroit. Highly competitive.,Newell CV (2017),https://www.kresge.org
MacDowell Fellowship,"MacDowell, Peterborough NH",fellowship,"Arts, Architecture, Residency",Residency; all costs covered,Jan 15 (summer/fall); Apr 15 (winter/spring),Biannual,No,"Prestigious creative residency providing uninterrupted time and a private studio. Open to architects, artists, writers, composers, and other creatives.",Newell CV (2024); Abrons CV (2017),https://www.macdowell.org
Rome Prize – Architecture (American Academy in Rome),American Academy in Rome,fellowship,"Architecture, Arts, International","$28,000 + housing + studio + meals",November 1 annually,Annual,No,One of the most prestigious awards in arts and humanities. Residential fellowship in Rome for 6 or 11 months supporting independent architectural projects.,Newell CV (Rome Prize 2013–2014),https://www.aarome.org/rome-prize
SOM Foundation Traveling Fellowship,"SOM (Skidmore, Owings & Merrill) Foundation",fellowship,"Architecture, International, Travel","$50,000 (typical)",Typically spring; check SOM Foundation,Annual,No,"Enables architects and designers to pursue independent research abroad. Multiple fellowship types: Architecture, Design, and Urban Design.",Newell CV (2006–07),https://www.somfoundation.com
Architectural League Prize for Young Architects,Architectural League of New York,award,"Architecture, Emerging Practice",Exhibition + publication,January annually,Annual,No,"Annual competition recognizing emerging architects within 10 years of graduation. Winners receive exhibition, publication, and lecture opportunities in New York.",Newell CV (2011),https://archleague.org
National Endowment for the Arts – Research Lab / Grants,National Endowment for the Arts,federal,"Arts, Architecture, Planning, Community","$150,000 (Research Lab example)",Check NEA.gov for current programs,Varies,No,"Federal agency supporting arts-related research. Research Lab grants fund interdisciplinary teams studying arts and their impact on health, equity, and communities.","Newell CV (NEA Lab, 2024–ongoing)",https://www.arts.gov
Guardian Glass Industries – Innovation in Glass Grant,Guardian Glass (Industry Partner),grant,"Architecture, Arts, Research, Materials","$30,000–$90,000",By invitation / direct contact,Varies,No,Industry research partnership supporting innovative glass research in architecture and design. Multi-year grants for experimental fabrication and material research.,Newell CV (multiple 2016–2022),https://www.guardian.com
UM Arts Engine – Interdisciplinary Faculty Research Grant,"Arts Engine / Stamps School, UM",internal,"Arts, Architecture, Research, Technology","$3,000–$64,462",Annual RFP; check Arts Engine website,Annual,No,"UM internal grant for interdisciplinary research at the intersection of arts, technology, and the humanities. Encourages cross-school collaboration.",Newell CV (multiple 2018–2021),https://stamps.umich.edu
Egalitarian Metropolis Project Grant (Michigan-Mellon),Mellon Foundation / Taubman College / UM,grant,"Architecture, Planning, Research, Equity","$20,000",Annual cycle; check Taubman/Mellon website,Annual,No,"Supports projects engaging equity, belonging, and the future of cities. Administered through UM's Michigan-Mellon Project on the Egalitarian Metropolis.","Morcillo Pallares CV ($20K, 2022–2023)",https://taubmancollege.umich.edu
OVPR Bold Challenges BOOST Program,"Office of VP for Research, UM",internal,"Research, Sustainability, Planning, Architecture","$75,000",Annual; check OVPR website,Annual,No,"UM initiative supporting bold, high-impact interdisciplinary research tackling climate, health, equity, and other complex societal problems.","Morcillo Pallares CV ($75K, 2024–2025)",https://research.umich.edu
Taubman College – Research Through Making Grant,"Taubman College, UM",internal,"Architecture, Arts, Research, Making","$19,000–$24,000",Annual; check Taubman College,Annual,No,"Annual internal grant for experimental, fabrication-based architectural research. Most widely cited grant across all CVs.",Morcillo Pallares CV; Newell CV; Miller CV; Abrons CV; Thün CV (multiple),https://taubmancollege.umich.edu
UMOR Publication Subvention Grant,UM Office of Research (UMOR),internal,"Architecture, Arts, Research, Planning","$5,000",Rolling,Rolling,Yes,"UM grant subsidizing faculty publication costs including peer-reviewed books, open-access fees, and exhibition catalogs.","Morcillo Pallares CV ($5K, 2017)",https://research.umich.edu
CRLT Lecturers Professional Development Fund,"CRLT, UM",internal,"Research, Architecture, Planning, Teaching","$2,000",Rolling,Rolling,Yes,"UM fund specifically supporting professional development for lecturers and teaching faculty, including research projects and curriculum development.","Morcillo Pallares CV ($2K, 2014–2015)",https://crlt.umich.edu
German Research Foundation (DFG) – International Project Grants,"Deutsche Forschungsgemeinschaft (DFG), Germany",grant,"Architecture, International, Research, Sustainability","€50,000–€500,000+",Rolling,Rolling,Yes,Germany's primary research funding agency. Architecture faculty can participate as foreign co-investigators on projects led by German institutions.,Morcillo Pallares CV (2024–2025),https://www.dfg.de/en
AIA Michigan / AIA Detroit Design Honor Awards,American Institute of Architects Michigan / AIA Detroit,award,"Architecture, Design Competition",Honor award; professional recognition,Typically early spring,Annual,No,Annual juried awards recognizing outstanding architectural design in Michigan. Open to AIA members.,Morcillo Pallares CV (2023 Honor Awards for The School at Marygrove),https://www.aia.org
SARA NY / SARA National Design Awards,Society of American Registered Architects (SARA),award,"Architecture, Design Competition",Award of Excellence / Honor Award,Typically spring/summer,Annual,No,"National and chapter-level design awards open to all licensed architects. Categories span residential, commercial, institutional, and unbuilt work.",Morcillo Pallares CV (2023 SARA NY + National Awards),https://www.sara-national.org
FIGMENT / ENYA – City of Dreams Pavilion Competition,FIGMENT / AIA New York (ENYA) / SEAoNY,competition,"Architecture, Design, Arts, Public Space","$15,000–$25,000 construction funding",Typically January–February,Annual,No,"Annual open competition for a temporary pavilion on Governors Island, NYC. Emphasizes sustainability, community engagement, and innovative construction.",Morcillo Pallares CV (Finalist 2020),https://www.aia.org
Land Art Generator Initiative (LAGI) Design Competition,Land Art Generator Initiative,competition,"Architecture, Design, Sustainability, Arts","$10,000–$20,000 prize",Biennial; check LAGI website,Biennial,No,Biennial international open competition for large-scale public art installations that generate clean energy. Combines aesthetic vision with real renewable energy infrastructure.,Morcillo Pallares CV (Finalist LAGI 2012),https://landartgenerator.org
A. Alfred Taubman Teaching Fellowship,"University of Michigan, Taubman College",internal,"Architecture, Teaching, Education",Varies,Internal – contact college,Annual,No,Supports early-career teaching faculty at Taubman College. Awarded to outstanding fellows in architecture.,Miller CV (2009–10); Abrons CV (2009–10),https://taubmancollege.umich.edu
Graham Foundation Grant for Individuals,Graham Foundation for the Advanced Studies in the Fine Arts,grant,"Architecture, Arts, Research","$10,000–$30,000",Typically Jan–Feb; check site,Annual,No,Supports individuals pursuing projects that advance architecture and its relationship to other disciplines. Miller used for 'Bioplastics! and Architecture's Many Natures.',Miller CV (2015),https://advance.umich.edu
Akademie Schloss Solitude Fellowship,"Akademie Schloss Solitude, Stuttgart",fellowship,"Architecture, Arts, Research, International",Stipend + studio + housing,Biennial; check site,Biennial,No,"International residency fellowship in Stuttgart, Germany. Supports artists and architects for 3–12 month stays.",Abrons CV (2011–12),https://www.akademie-solitude.de
NSF National I-Corps Grant,National Science Foundation,federal,"Architecture, Research, Entrepreneurship","$50,000",Rolling cohort cycles,Multiple/year,Yes,Entrepreneurial commercialization program for faculty with translatable research. Team-based: Technical Lead (faculty PI) + Entrepreneurial Lead (grad student) + Industry Mentor.,Miller CV (2021–22),https://www.nsf.gov
Canada Council – Professional Prix de Rome in Architecture,Canada Council for the Arts,grant,"Architecture, Research, Travel, International","~$50,000 CAD",Check Canada Council site,Annual,No,National juried portfolio and project award for Canadian architects. Supports extended research travel and creative practice.,Thün CV (2009),https://canadacouncil.ca
Young Architect's Forum Award,The Architectural League of New York,award,"Architecture, Emerging Practice",Exhibition + recognition,Annual; check Arch League site,Annual,No,Competitive award for emerging architects (within ~10 years of degree). Includes exhibition at the Architectural League of New York.,Thün CV (2008),https://archleague.org
AIA/AAF Scholarship for First Professional Degree Candidates,American Institute of Architects Foundation,fellowship,"Architecture, Education","$2,500–$5,000",Typically February,Annual,No,Scholarship for students pursuing the first professional degree in architecture. Open to US architecture students in accredited programs.,Abrons CV (2005),https://www.aia.org
NSF Partnerships for Innovation – Technology Translation (PFI-TT),National Science Foundation,federal,"Architecture, Research, Commercialization","$250,000",Biannual; check NSF solicitation,Biannual,No,Supports faculty with prior NSF-funded research to translate findings toward commercial or societal use. Requires documented prior NSF support.,Miller CV (2023–25),https://www.nsf.gov
NSF Civic Innovation Challenge (CIVIC),National Science Foundation,federal,"Urban Design, Technology, Community","$75,000 (Stage 1); up to $1M (Stage 2)",Check NSF solicitations,Annual,No,Two-stage grants for community-engaged civic research. University teams partner with local government or nonprofits.,Abrons CV (2024),https://www.nsf.gov
NSF Regional Engines Type 1 Development Grant,National Science Foundation / EDA,federal,"Architecture, Regional Innovation, Equity","$1,000,000",Check NSF solicitation,Periodic,No,"Multi-institution regional innovation ecosystem development grants. Requires consortium across universities, industry, and community.",Thün CV (2024),https://www.nsf.gov
"Belmont Forum SUGI – Food, Water, Energy Nexus",Belmont Forum / NSF,federal,"Urban Design, Sustainability, Systems Research","~$250,000 US component",Check Belmont Forum calls,Periodic,No,International collaborative research on food-energy-water systems in cities. Multi-national team required; US component funded via NSF.,Thün CV (2018–22),https://www.nsf.gov
UM Poverty Solutions – Faculty Research Grants,American Institute of Architects Foundation,grant,"Architecture, Research, Practice","$15,000–$25,000",Annual; check AIA site,Annual,No,Supports practice-oriented architectural research. Open to AIA members and faculty architects.,Miller CV (2016); Thün CV (2014),https://povertysolutions.umich.edu
EGLE NextCycle Michigan – Recycling Innovation Track,"Michigan Dept. of Environment, Great Lakes & Energy",grant,"Architecture, Materials, Sustainability","$10,000–$70,000",Annual/periodic; check EGLE site,Annual,Yes,Michigan circular economy and recycling innovation grants. Supports projects developing new materials or systems from waste streams.,Miller CV (2022; 2025),https://nextcyclemichigan.com
Michigan Economic Development Corporation – ADVANCE Prototyping Grant,Michigan Economic Development Corporation (MEDC),grant,"Architecture, Materials, Product Development","~$20,000",Periodic; check MEDC site,Periodic,No,Supports development of commercial prototypes. Miller used for Post Rock building material development toward market.,Miller CV (2023),https://advance.umich.edu
Bloomberg Philanthropies Public Art Challenge,Bloomberg Philanthropies,grant,"Public Art, Urban Design, Community","$1,000,000 (city); ~$60,000 (UM subgrant)",City-application driven; periodic,Periodic (~every 3 yrs),No,Supports creative placemaking projects embedded in city government. Universities typically participate as subgrantees within a city-led application.,"Thün CV (2019 – Fertile Ground, Jackson MS)",https://www.bloomberg.org/philanthropies
Urban Studies Foundation Seminar Series Competition,Urban Studies Foundation,grant,"Urban Research, Architecture, Planning","~$26,000",Check USF site,Annual,No,Funds academic seminar series focused on urban studies and urbanism research topics.,Thün CV (2018),https://www.urbanstudiesfoundation.org
National Fish and Wildlife Foundation – Coastal Resilience Fund,National Fish and Wildlife Foundation (NFWF),federal,"Environmental Design, Resilience, Urban","~$499,000 (+ $500K cost share required)",Annual; check NFWF site,Annual,No,Supports nature-based solutions for stormwater and coastal resilience. Requires significant partner cost share. Multi-institutional teams.,Thün CV (2024),https://www.nfwf.org
SSHRC Research/Creation Grant in Fine Arts (Canada),Social Sciences and Humanities Research Council of Canada,grant,"Architecture, Arts, Research-Creation, International","$146,000–$186,000 CAD",Varies by stream; check SSHRC,Annual,No,Canadian federal grant for research-creation in the fine arts. Requires Canadian affiliation. Thün used for The Stratus Project and Post Carbon Highway.,Thün CV (2009; 2011),https://www.sshrc-crsh.gc.ca
Taubman College Prototyping Tomorrow Grant,"Taubman College of Architecture + Urban Planning, UM",internal,"Architecture, Prototyping, Design Research","~$20,000",Internal annual cycle,Annual,No,Supports prototyping projects advancing new design research directions at Taubman.,Miller CV (2018); Thün CV (2019; 2018),https://taubmancollege.umich.edu
Taubman College Faculty Seed Fund,"Taubman College of Architecture + Urban Planning, UM",internal,"Architecture, Creative Practice","$1,200–$5,000",Internal; rolling,Annual/Rolling,Yes,Small seed grants to launch new research or creative practice projects. Lower bar than Research Through Making; good for project initiation.,Miller CV (2015+); Abrons CV (2013–17),https://taubmancollege.umich.edu
Taubman College Artistic Productions and Performances Grant,"Taubman College / OVPR, UM",internal,"Architecture, Creative Practice, Exhibition","$5,000–$10,000",Internal annual cycle,Annual,No,"Supports exhibitions, installations, and artistic production projects. Used by faculty for Venice Biennale, Chicago Biennial, and other major exhibitions.",Miller CV (2015; 2017); Abrons CV (2013–17); Thün CV (2013; 2015),https://research.umich.edu
Taubman College Research on the City Grant,"Taubman College of Architecture + Urban Planning, UM",internal,"Urban Research, Architecture, Planning","~$19,000–$20,000",Internal annual cycle,Annual,No,Supports research projects engaging city and urban design questions.,Abrons CV (2014); Thün CV (2014),https://taubmancollege.umich.edu
Taubman College Equity Innovation Grant,"Taubman College of Architecture + Urban Planning, UM",internal,"Architecture, Education, Equity","~$15,000",Internal; periodic,Periodic,No,Supports equity-focused curriculum and pedagogical development projects.,Abrons CV (2018),https://taubmancollege.umich.edu
OVPR Research Catalyst Grant,"Office of the Vice President for Research, UM",internal,"Architecture, Research, Interdisciplinary","~$12,000–$15,000",Internal competition,Annual,No,Small grants to catalyze new research directions. Broad eligibility across campus; good entry point for new research directions.,Miller CV (2023),https://research.umich.edu
OVPR UMOR Small Projects Grant,"Office of the Vice President for Research, UM",internal,"Architecture, Research","~$14,000–$15,000",Internal competition,Annual,No,General small research grants from the UM Office of Research. Frequently used alongside Taubman grants.,Thün CV (multiple),https://research.umich.edu
OVPR Bold Challenges Team Formation Grant,"Office of the Vice President for Research, UM",internal,"Architecture, Research, Interdisciplinary","~$20,000",Internal; periodic,Periodic,No,Seed grants to form large interdisciplinary teams around Bold Challenges initiatives at UM.,Thün CV (2022),https://research.umich.edu
International Institute Grants (multiple types),"International Institute, University of Michigan",internal,"Architecture, International, Area Studies","$1,000–$10,000 (varies by type)",Multiple cycles per year,Annual/Rolling,Yes,"Multiple grant types: Experiential Learning Fund, Performances, Workshop Grants, Collaboration Grants, Area Studies Grants. Used extensively for travel studios and international research.",Miller CV (2012–13; multiple),https://ii.umich.edu
ADVANCE Summer Writing Grant,University of Michigan ADVANCE Program,internal,"Architecture, Research, Writing","$1,500–$3,000",Annual (spring),Annual,No,Summer salary support for faculty writing projects. Particularly supports women and underrepresented faculty.,Miller CV (2017; 2018),https://advance.umich.edu
Rackham Dean's Strategic Initiative Fund,University of Michigan Rackham Graduate School,internal,"Architecture, Education, Graduate Programming","~$3,800",Internal; contact Rackham,Annual,No,Small funds for programming aligned with Rackham strategic priorities. Used for virtual lecture series on decarbonizing construction.,Miller CV (2021),https://rackham.umich.edu
Humanities Collaboratory Proposal Development Grant,University of Michigan Humanities Collaboratory,internal,"Humanities, Architecture, Interdisciplinary","~$58,000",Internal competition,Periodic,No,"Supports collaborative humanities research development. Used for 'Reparative AI' project exploring AI, equity, and digital culture.",Abrons CV (2024),https://humanitiescollaboratory.umich.edu
UM Urban Collaboratory Project Grants,University of Michigan Urban Collaboratory,internal,"Urban Design, Architecture, Mobility","$40,000–$60,000",Internal/partner-driven; ongoing,Ongoing,Yes,Applied urban research connecting faculty to city partners in Detroit and SE Michigan. Supports mobility hub prototyping and urban systems research.,Thün CV (2017),https://detroit.umich.edu/urban-collaboratory
ACSA Faculty Design Award,Association of Collegiate Schools of Architecture,competition,"Architecture, Design, Education",Prize + recognition,Annual; check ACSA site,Annual,No,Peer-reviewed faculty design award. Honorable mentions common. Miller won HM for Post Rock (2016); Thün for Infra-Eco-Logi Urbanism (2014).,Miller CV (2016 HM); Thün CV (2014 HM),https://www.acsa-arch.org
Architect Magazine R&D Award Program,Architect Magazine,competition,"Architecture, Research, Technology, Materials",Publication + recognition,Annual (typically fall),Annual,No,"Recognizes innovative research and development in architecture practice. Multiple categories including materials, buildings, and tech.",Thün CV (2010 Excellence; 2016 HM),https://www.architectmagazine.com
Mies Crown Hall Americas Prize for Emerging Architecture,IIT College of Architecture,competition,"Architecture, Emerging Practice",Prize + nomination recognition,Biennial; check MCAP site,Biennial,No,Biennial prize for emerging architecture practices in the Americas. Northwood ADU by T+E+A+M was a selected nominee.,Miller CV + Abrons CV (2023 nominee),https://www.mchap.co
The Architects Newspaper Best of Design Award,The Architects Newspaper,competition,"Architecture, Design, Materials",Prize + publication feature,Annual (fall),Annual,No,"Annual awards across many categories. T+E+A+M won for Living Picture (2017) and received HM for Clastic Order (New Materials, 2018).",Miller CV + Abrons CV (2017 winner; 2018 HM),https://www.archpaper.com
AZ Awards Program,Azure Magazine,competition,"Architecture, Design, Social Good",Prize + publication feature,Annual; check Azure site,Annual,No,Canadian design awards with strong international reach. Multiple categories. RVTR / Thün won in Social Good category for EXTRACTION exhibition (2017).,Thün CV (2017 winner – Social Good),https://www.azuremagazine.com
Architizer A+ Award Program,Architizer,competition,"Architecture, Design, Acoustics, Technology",Jury + Popular Choice awards,Annual (spring),Annual,No,Large international awards with many categories; public voting component. Thün / RVTR won Jury Award and Popular Choice for Resonant Chamber (2013).,Thün CV (2013 – Architecture + Sound),https://architizer.com/awards
Ragdale Ring Fellowship / Adrian Smith Prize,Ragdale Foundation,competition,"Architecture, Landscape, Temporary Structure","Commission + ~$25,000 prize",Annual; check Ragdale site,Annual,No,Annual competition to design Ragdale Foundation's outdoor performance space. T+E+A+M won for Living Picture (2017). Open to architects and designers.,Miller CV + Abrons CV (2017 winner),https://www.ragdale.org
Jardin de Métis International Garden Competition,Jardins de Métis / Reford Gardens (Quebec),competition,"Landscape, Garden Design, Architecture",Prize + installation commission,Annual (winter deadline),Annual,No,Prestigious annual garden design competition in Quebec. Open to international teams.,Miller CV (2015),https://www.jardinsdemetis.com/en/international-garden-festival/competition
Architecture League of New York – Folly Competition,The Architectural League of New York + Socrates Sculpture Park,competition,"Architecture, Public Installation",Commission + fabrication budget,Annual (spring),Annual,No,"Annual competition to design a temporary pavilion/folly at Socrates Sculpture Park, NYC.",Miller CV (2015 – Between You & Me),https://archleague.org
Venice Architecture Biennale (US Pavilion / National Pavilions),La Biennale di Venezia,competition,"Architecture, Exhibition, International",Invitation + production support (varies),~18 months before opening,Biennial (odd years),No,Most prestigious international architecture exhibition. T+E+A+M participated in US Pavilion (2016) and Common Ground (2012). Canadian Pavilion (Thün 2016).,Miller CV + Abrons CV (2012; 2016); Thün CV (2016),https://www.labiennale.org/en/architecture
Chicago Architecture Biennial,Chicago Architecture Biennial,competition,"Architecture, Exhibition",Invitation + production support,~12 months before opening,Biennial (odd years),No,"Major North American biennial, curated by artistic directors. T+E+A+M showed Ghostbox (2017). High visibility for mid-career practices.",Miller CV + Abrons CV (2017 – Ghostbox),https://www.chicagoarchitecturebiennial.org
Canadian Society of Landscape Architects National Award of Excellence,CSLA / AAPC,competition,"Landscape, Architecture, Environmental Design",National award,Annual; check CSLA site,Annual,No,National award for excellence in Canadian landscape architecture. Thün / RVTR won for EXTRACTION exhibition design (2017).,Thün CV (2017),https://www.csla-aapc.ca/awards
Log (Anyone Corporation),Anyone Corporation,publication,"Architecture, Theory, Criticism",N/A (invited/submitted),Rolling; contact editors,3x/year,Yes,Influential architecture theory journal. Strong platform for architectural speculation and criticism. Frequently cites Taubman work.,Miller CV (multiple); Abrons CV (2016; 2017),https://www.anycorp.com/log
Journal of Architectural Education (JAE),Association of Collegiate Schools of Architecture,publication,"Architecture, Education, Research",N/A (peer-reviewed),Rolling submissions,Quarterly,Yes,Primary peer-reviewed journal for architecture education. ACSA-affiliated. Miller published 2014; Thün published multiple articles.,Miller CV (2014); Thün CV (multiple),https://www.tandfonline.com/toc/rjae20/current
Technology | Architecture + Design (TAD),Taylor & Francis / ACSA,publication,"Architecture, Technology, Environment",N/A (peer-reviewed),Rolling submissions,Biannual,Yes,Peer-reviewed journal focused on building technology and environmental design research. Thün published on climate measures and responsive envelopes.,Thün CV (2018; 2024),https://www.acsa-arch.org
The Avery Review,Columbia GSAPP,publication,"Architecture, Criticism, Theory",N/A (invited/submitted),Rolling; contact editors,Monthly (approx.),Yes,Columbia-affiliated critical platform publishing in-depth design criticism and essays. Miller published 'Views from the Plastisphere' (2016).,Miller CV (2016),https://www.averyreview.com
e-flux Architecture,e-flux,publication,"Architecture, Theory, Digital Culture",N/A (invited),Varies by series/volume,Rolling,Yes,Influential online platform with edited volumes and essay series. Abrons co-edited the Becoming Digital volume (2019).,Abrons CV (2019 – Becoming Digital),https://www.e-flux.com/architecture
Actar Publishers,Actar Publishers (Barcelona/New York),publication,"Architecture, Theory, Urban Design",N/A (proposal-based),Rolling; contact editors,Continuous,Yes,"Leading architecture publisher for theory, monographs, and edited volumes. Miller, Abrons, and Thün have all published with Actar.",Miller CV (2021); Abrons CV (2018; 2023); Thün CV (via collaborators),https://actar.com
Drawing Codes: Experimental Protocols of Architectural Representation,AR+D Publishing / Kudless + Marcus (curators),publication,"Architecture, Representation, Drawing",N/A (peer-reviewed submission),Periodic (multiple volumes),Multi-edition series,No,Traveling exhibition + publication series on experimental architectural drawing. High visibility across multiple architecture schools.,Miller CV + Abrons CV (2019; 2024),https://www.arplusd.com/books/drawing-codes
